{
  "Mark Travers": 4.099999904632568,
  "Simon Moore": 4.3500001430511475,
  "Baye Oumar Niasse": 5.099999904632568,
  "Albian Ajeti": 5.339999961853027,
  "Lloyd Kelly": 5.400000015894572,
  "Jesus Vallejo": 5.400000095367432,
  "Ravel Morrison": 5.400000095367432,
  "Josip Drmic": 5.45384616118211,
  "Isaac Success": 5.5,
  "Ralf Fährmann": 5.5,
  "Sam Surridge": 5.5,
  "Tyrick Mitchell": 5.5,
  "Axel Tuanzebe": 5.549999952316284,
  "Ørjan Håskjold Nyland": 5.583333333333333,
  "Danny Drinkwater": 5.619999980926513,
  "Adam Uche Idah": 5.625,
  "Richairo Zivkovic": 5.6333333651224775,
  "Angus Gunn": 5.690000033378601,
  "Joao Pedro": 5.699999809265137,
  "Leon Clarke": 5.699999809265137,
  "Oliver Skipp": 5.700000047683716,
  "Jack Wilshere": 5.762499988079071,
  "Henri Lansbury": 5.775000095367432,
  "Carlos Sánchez": 5.800000031789144,
  "Jack Rodwell": 5.800000190734863,
  "Josh Martin": 5.800000190734863,
  "Gedson Fernandes": 5.833333333333333,
  "Darren Randolph": 5.8500001430511475,
  "Yoshinori Muto": 5.860000038146973,
  "Jonathan Kodjia": 5.860000038146973,
  "Dominic Solanke": 5.860714316368103,
  "Wilfredo Caballero": 5.875,
  "Lukas Rupp": 5.880000019073487,
  "Indiana Vassilev": 5.8999998569488525,
  "Timm Klose": 5.900000027247837,
  "Patrick Roberts": 5.900000095367432,
  "Dennis Srbeny": 5.900000095367432,
  "Keinan Davis": 5.907142911638532,
  "Marco Stiepermann": 5.922222243414985,
  "Andrew Surman": 5.924999952316284,
  "Michy Batshuayi": 5.929999923706054,
  "Ignacio Pussetto": 5.933333396911621,
  "Glenn Murray": 5.947058845968807,
  "Jack Simpson": 5.949999928474426,
  "Henrikh Mkhitaryan": 5.950000047683716,
  "Callum Robinson": 5.96666665871938,
  "Jota": 5.974999845027924,
  "Danny Welbeck": 5.9866666475931805,
  "Moise Kean": 5.987499972184499,
  "Andre Gray": 5.987499982118607,
  "Dimitri Foulquier": 6.0,
  "Takumi Minamino": 6.0,
  "Gaëtan Bong": 6.0,
  "Jordon Ibe": 6.0,
  "Maya Yoshida": 6.000000068119594,
  "Adrian Mariappa": 6.005555576748318,
  "Max Meyer": 6.007142782211304,
  "Mario Vrancic": 6.016666690508525,
  "Aaron Lennon": 6.018181844191118,
  "Mbwana Samatta": 6.023076901069055,
  "Claudio Bravo": 6.025000095367432,
  "Odion Ighalo": 6.028571401323591,
  "Alexis Mac Allister": 6.028571469443185,
  "Florin Andone": 6.0333333015441895,
  "Arnaut Danjuma": 6.042857101985386,
  "Billy Sharp": 6.0428571701049805,
  "Patrick Cutrone": 6.042857238224575,
  "Juan Foyth": 6.049999952316284,
  "Yan Valery": 6.054545445875688,
  "Roberto": 6.075000047683716,
  "Cenk Tosun": 6.087500035762787,
  "Mamadou Sakho": 6.092857156481061,
  "Phil Jones": 6.099999904632568,
  "Tahith Chong": 6.099999904632568,
  "Victor Wanyama": 6.099999904632568,
  "Leroy Sané": 6.099999904632568,
  "Marcos Rojo": 6.099999904632568,
  "Michael McGovern": 6.1000001430511475,
  "Ben Godfrey": 6.106896564878267,
  "Kevin Danso": 6.1200000762939455,
  "Emil Krafth": 6.12857140813555,
  "Luke Freeman": 6.133333259158665,
  "Douglas Soares": 6.1333333651224775,
  "Jose Holebas": 6.1384615164536696,
  "Lewis Cook": 6.147619043077741,
  "Max Aarons": 6.148571463993617,
  "Nathan Holland": 6.1499998569488525,
  "Neil Taylor": 6.149999959128244,
  "Ibrahim Amadou": 6.15,
  "André Gomes": 6.152941198909984,
  "Gabriel Martinelli": 6.154545480554754,
  "David Martin": 6.160000133514404,
  "Tom Trybull": 6.1624999940395355,
  "Valentino Lazaro": 6.162500023841858,
  "Kepa Arrizabalaga": 6.169696988481464,
  "Simon Francis": 6.171428578240531,
  "Jesse Lingard": 6.1749999761581424,
  "Aaron Connolly": 6.175,
  "Dan Gosling": 6.1800000190734865,
  "David Brooks": 6.187500059604645,
  "Faustino Anjorin": 6.199999809265137,
  "Ezequiel Schelotto": 6.199999877384731,
  "DeAndre Yedlin": 6.199999945504325,
  "Curtis Jones": 6.199999968210856,
  "Wayne Hennessey": 6.199999968210856,
  "Moritz Leitner": 6.200000074174669,
  "Tom Heaton": 6.204999947547913,
  "Lys Mousset": 6.210344824297675,
  "Robert Brady": 6.212500035762787,
  "Michael Obafemi": 6.214285680225918,
  "Callum Wilson": 6.214705859913545,
  "Jordan Pickford": 6.22162161002288,
  "Pablo Zabaleta": 6.222222275204128,
  "Christian Atsu": 6.223076930412879,
  "Roberto Pereyra": 6.2250000437100725,
  "Björn Engels": 6.229411798364976,
  "Jamal Lewis": 6.230769267449012,
  "Sofiane Boufal": 6.231250017881393,
  "Florian Lejeune": 6.233333269755046,
  "Phil Jagielka": 6.240000057220459,
  "Tim Krul": 6.248571443557739,
  "Andros Townsend": 6.249999976158142,
  "Emile Smith-Rowe": 6.25,
  "Jay Rodriguez": 6.2562499940395355,
  "Onel Hernández": 6.259999966621399,
  "Sean Longstaff": 6.270000052452088,
  "Joelinton": 6.27027027027027,
  "Hamza Choudhury": 6.2750000059604645,
  "Marvelous Nakamba": 6.285714319774082,
  "Joseph Willock": 6.286363666707819,
  "Mathew Ryan": 6.28648650968397,
  "Matej Vydra": 6.287500023841858,
  "Charlie Daniels": 6.299999952316284,
  "Dennis Praet": 6.299999952316284,
  "Sung-Yueng Ki": 6.300000031789144,
  "William Smallbone": 6.300000095367432,
  "Angel Gomes": 6.300000190734863,
  "Fabian Balbuena": 6.3076923076923075,
  "Alireza Jahanbakhsh": 6.3125,
  "Ryan Bennett": 6.315384681408222,
  "Ruben Loftus-Cheek": 6.316666682561238,
  "Ezri Konsa": 6.316666682561238,
  "Alexander Tettey": 6.320689678192139,
  "Jairo Riedewald": 6.323076981764573,
  "Ahmed El Mohamady": 6.323529355666217,
  "Solly March": 6.323529411764706,
  "Anthony Gordon": 6.325000047683716,
  "Chris Mepham": 6.327272805300626,
  "Neal Maupay": 6.330555571450128,
  "Pablo Fornals": 6.33125002682209,
  "Ben Foster": 6.332432437587428,
  "Jarrad Branthwaite": 6.333333333333333,
  "Muhamed Besic": 6.333333333333333,
  "Morgan Gibbs-White": 6.333333333333333,
  "Che Adams": 6.335000014305114,
  "Pepe Reina": 6.3363636190241035,
  "Jeremy Ngakia": 6.339999961853027,
  "Dwight Gayle": 6.340000025431315,
  "Reiss Nelson": 6.3416666984558105,
  "Morgan Schneiderlin": 6.353333377838135,
  "James McCarthy": 6.353846164850088,
  "Ismaila Sarr": 6.366666670198794,
  "Junior Stanislas": 6.3692307472229,
  "Andreas Pereira": 6.370833317438762,
  "Craig Cathcart": 6.3724138490084945,
  "Jeffrey Schlupp": 6.374999970197678,
  "Jamaal Lascelles": 6.379166662693024,
  "Jack Cork": 6.37999997138977,
  "Steve Cook": 6.382142884390695,
  "Jack Stacey": 6.384210511257774,
  "Matthew Longstaff": 6.385714326586042,
  "Shane Long": 6.391304347826087,
  "Tyrone Mings": 6.39375002682209,
  "Kortney Hause": 6.394117607789881,
  "Adrian": 6.399999965320934,
  "Jürgen Locadia": 6.400000095367432,
  "Theo Walcott": 6.4047618593488425,
  "Jordan Ayew": 6.40833334128062,
  "Adam Smith": 6.4086956355882725,
  "Ashley Barnes": 6.410526300731458,
  "Bernardo": 6.411111195882161,
  "Nathaniel Chalobah": 6.411764705882353,
  "Erik Lamela": 6.413043519724971,
  "Lukasz Fabianski": 6.416666686534882,
  "Arthur Masuaku": 6.421428578240531,
  "David De Gea": 6.421621631931615,
  "Fabian Schär": 6.4249999761581424,
  "Grant Hanley": 6.426666736602783,
  "Troy Deeney": 6.426923073255098,
  "Joshua King": 6.4280000495910645,
  "Johann Berg Gudmundsson": 6.4300000190734865,
  "Tom Cleverley": 6.43124994635582,
  "Danny Rose": 6.431818203492598,
  "Wes Morgan": 6.433333317438762,
  "Bernard": 6.433333337306976,
  "Kenny McLean": 6.437142876216344,
  "Wesley": 6.442857197352818,
  "Demarai Gray": 6.4470588179195625,
  "Alex Iwobi": 6.447999973297119,
  "Rui Patricio": 6.44864863318366,
  "Juan Mata": 6.449999979564121,
  "Nabil Bentaleb": 6.45,
  "Harry Wilson": 6.450000063578288,
  "Martin Montoya": 6.451851844787598,
  "Matthew Lowton": 6.452941193300135,
  "Paul Dummett": 6.453333330154419,
  "Tom Davies": 6.453846124502329,
  "Aaron Cresswell": 6.454838691219207,
  "Pedro Neto": 6.459090926430442,
  "Issa Diop": 6.459999974568685,
  "Teemu Pukki": 6.459999997275216,
  "Leandro Trossard": 6.46451614749047,
  "Rob Holding": 6.4666666984558105,
  "Vicente Guaita": 6.467647061628454,
  "Fabian Delph": 6.468750029802322,