{
  "": 0.0,
  "Borja Baston": 0.0,
  "Victor Camarasa": 0.0,
  "Brandon Pierrick": 0.0,
  "Thomas Doyle": 0.0,
  "James Garner": 0.0,
  "Kieron Freeman": 0.0,
  "Matthew James": 0.0,
  "Max Thompson": 0.0,
  "Troy Parrott": 0.0,
  "George Hirst": 0.0,
  "Nathan Tella": 0.0,
  "Harvey Elliott": 0.0,
  "Georges-Kevin N'Koudou": 0.0,
  "Armando Broja": 0.0,
  "Quina": 0.0,
  "Mark Travers": 4.099999904632568,
  "Baye Oumar Niasse": 5.099999904632568,
  "Ravel Morrison": 5.400000095367432,
  "Ralf Fährmann": 5.5,
  "Sam Surridge": 5.5,
  "Tyrick Mitchell": 5.5,
  "Joao Pedro": 5.699999809265137,
  "Leon Clarke": 5.699999809265137,
  "Jack Rodwell": 5.800000190734863,
  "Josh Martin": 5.800000190734863,
  "Patrick Roberts": 5.900000095367432,
  "Gaëtan Bong": 6.0,
  "Victor Wanyama": 6.099999904632568,
  "Leroy Sané": 6.099999904632568,
  "Faustino Anjorin": 6.199999809265137,
  "Angel Gomes": 6.300000190734863,
  "Sebastian Prödl": 6.5,
  "Jake Vokins": 6.800000190734863,
  "Diogo Dalot": 6.800000190734863,
  "Simon Moore": 8.700000286102295,
  "Dennis Srbeny": 8.900000095367432,
  "Jesus Vallejo": 10.800000190734863,
  "Axel Tuanzebe": 11.099999904632568,
  "Oliver Skipp": 11.400000095367432,
  "Darren Randolph": 11.700000286102295,
  "Indiana Vassilev": 11.799999713897705,
  "Henrikh Mkhitaryan": 11.900000095367432,
  "Dimitri Foulquier": 12.0,
  "Jordon Ibe": 12.0,
  "Juan Foyth": 12.099999904632568,
  "Phil Jones": 12.199999809265137,
  "Tahith Chong": 12.199999809265137,
  "Marcos Rojo": 12.199999809265137,
  "Michael McGovern": 12.200000286102295,
  "Nathan Holland": 12.299999713897705,
  "Emile Smith-Rowe": 12.5,
  "Charlie Daniels": 12.599999904632568,
  "Jürgen Locadia": 12.800000190734863,
  "Pablo Mari": 13.0,
  "Timothy Fosu-Mensah": 13.0,
  "Jean-Philippe Gbamin": 13.300000190734863,
  "Max Kilman": 13.699999809265137,
  "Ben Johnson": 13.800000190734863,
  "Luke Thomas": 15.300000190734863,
  "Javier Hernández": 16.0,
  "Xherdan Shaqiri": 16.600000381469727,
  "Richairo Zivkovic": 16.90000009536743,
  "Carlos Sánchez": 17.40000009536743,
  "Gedson Fernandes": 17.5,
  "Ignacio Pussetto": 17.800000190734863,
  "Douglas Soares": 18.40000009536743,
  "Wayne Hennessey": 18.59999990463257,
  "Sung-Yueng Ki": 18.90000009536743,
  "Jarrad Branthwaite": 19.0,
  "Morgan Gibbs-White": 19.0,
  "Eric Bailly": 19.59999990463257,
  "Nacho Monreal": 19.799999713897705,
  "Billy Gilmour": 19.799999713897705,
  "Florin Andone": 21.09999990463257,
  "Curtis Jones": 21.59999990463257,
  "Isaac Success": 22.0,
  "Henri Lansbury": 23.100000381469727,
  "Connor Wickham": 23.5,
  "Wilfredo Caballero": 23.5,
  "Andrew Surman": 23.699999809265137,
  "Jack Simpson": 23.799999713897705,
  "Claudio Bravo": 24.100000381469727,
  "Albian Ajeti": 26.699999809265137,
  "Neco Williams": 26.700000286102295,
  "Danny Drinkwater": 28.09999990463257,
  "Yoshinori Muto": 29.300000190734863,
  "Jonathan Kodjia": 29.300000190734863,
  "Takumi Minamino": 30.0,
  "David Martin": 30.80000066757202,
  "Phil Jagielka": 31.200000286102295,
  "Kevin Danso": 31.600000381469727,
  "Jeremy Ngakia": 31.699999809265137,
  "Lloyd Kelly": 32.40000009536743,
  "Jack Robinson": 32.5,
  "William Smallbone": 32.50000047683716,
  "Leighton Baines": 32.700000286102295,
  "Nampalys Mendy": 33.299999713897705,
  "Ørjan Håskjold Nyland": 33.5,
  "Ryan Sessegnon": 33.59999990463257,
  "Muhamed Besic": 38.0,
  "Wes Morgan": 38.59999990463257,
  "Rob Holding": 38.80000019073486,
  "Ruben Loftus-Cheek": 38.90000009536743,
  "Japhet Tanganga": 39.299999713897705,
  "Kevin Long": 39.69999980926514,
  "Angelino": 40.89999961853027,
  "Timm Klose": 41.30000019073486,
  "Maya Yoshida": 42.00000047683716,
  "Odion Ighalo": 42.19999980926514,
  "Alexis Mac Allister": 42.200000286102295,
  "Daniel Podence": 43.200000286102295,
  "Ezequiel Schelotto": 43.399999141693115,
  "Florian Lejeune": 43.39999961853027,
  "Adam Uche Idah": 45.0,
  "Jack Wilshere": 46.09999990463257,
  "Patrick Cutrone": 48.30000066757202,
  "Roberto": 48.60000038146973,
  "Jota": 48.79999876022339,
  "Matthew Longstaff": 50.700000286102295,
  "Anthony Gordon": 51.60000038146973,
  "Valentino Lazaro": 52.30000019073486,
  "David Brooks": 52.50000047683716,
  "Tariq Lamptey": 53.80000019073486,
  "Daryl Janmaat": 54.5,
  "Josh Brownhill": 54.5,
  "Cenk Tosun": 54.700000286102295,
  "Robert Brady": 54.700000286102295,
  "Luke Freeman": 55.19999933242798,
  "Emiliano Martinez": 55.200000286102295,
  "Moritz Leitner": 55.80000066757202,
  "Pablo Zabaleta": 56.00000047683716,
  "Alireza Jahanbakhsh": 56.5,
  "Angus Gunn": 56.90000033378601,
  "Adam Lallana": 57.49999952316284,
  "Bernardo": 57.70000076293945,
  "Ben Osborn": 58.29999923706055,
  "Lukas Rupp": 58.80000019073486,
  "Pedro Rodriguez": 60.80000019073486,
  "Ibrahim Amadou": 61.5,
  "Joel Matip": 63.0,
  "Michy Batshuayi": 63.29999923706055,
  "Nabil Bentaleb": 64.5,
  "Christian Fuchs": 65.60000038146973,
  "Ruben Vinagre": 65.80000019073486,
  "Aaron Lennon": 66.2000002861023,
  "Ondrej Duda": 66.2999997138977,
  "Yan Valery": 66.59999990463257,
  "Johann Berg Gudmundsson": 68.30000019073486,
  "Pepe Reina": 69.69999980926514,
  "Adrian": 70.39999961853027,
  "Edward Nketiah": 70.7000002861023,
  "Dejan Lovren": 71.40000009536743,
  "Chris Mepham": 72.60000085830688,
  "Josip Drmic": 73.90000009536743,
  "Eric Garcia": 74.39999961853027,
  "Kyle Walker-Peters": 74.5,
  "Mario Vrancic": 75.2000002861023,
  "Ashley Young": 75.40000009536743,
  "Callum Robinson": 75.59999990463257,
  "Gabriel Martinelli": 76.7000002861023,
  "Reiss Nelson": 79.10000038146973,
  "Jose Holebas": 79.7999997138977,
  "Mbwana Samatta": 81.2999997138977,
  "Ryan Bennett": 82.10000085830688,
  "Jairo Riedewald": 82.20000076293945,
  "James Justin": 82.2999997138977,
  "Keinan Davis": 82.70000076293945,
  "Jarrod Bowen": 83.80000019073486,
  "Christian Atsu": 83.90000009536743,
  "Max Meyer": 84.09999895095825,
  "Arnaut Danjuma": 84.59999942779541,
  "Sander Berge": 84.99999952316284,
  "Fabian Balbuena": 85.0,
  "Mamadou Sakho": 85.30000019073486,
  "Tomas Soucek": 85.30000066757202,
  "Neil Taylor": 86.09999942779541,
  "Simon Francis": 86.40000009536743,
  "Kieran Tierney": 86.59999942779541,
  "Emil Krafth": 86.7999997138977,
  "Junior Stanislas": 88.7999997138977,
  "DeAndre Yedlin": 89.79999923706055,
  "Steven Bergwijn": 90.60000038146973,
  "Arthur Masuaku": 90.90000009536743,
  "Brandon Williams": 91.59999990463257,
  "Juan Mata": 92.2999997138977,
  "Danny Welbeck": 92.7999997138977,
  "Scott Dann": 92.90000009536743,
  "Hector Bellerin": 94.50000095367432,
  "Andy Carroll": 95.09999990463257,
  "Morgan Schneiderlin": 95.30000066757202,
  "Emerson": 95.80000019073486,
  "Grant Hanley": 96.40000104904175,
  "Paul Dummett": 96.79999995231628,
  "Calum Chambers": 97.40000057220459,
  "Michael Obafemi": 97.99999952316284,
  "Steven Alzate": 98.40000057220459,
  "Tom Trybull": 98.59999990463257,
  "Ciaran Clark": 101.40000104904175,
  "Aymeric Laporte": 101.69999933242798,
  "Sofiane Boufal": 101.7000002861023,
  "Andre Gray": 101.7999997138977,
  "Shane Duffy": 103.2999997138977,
  "Fabian Delph": 103.50000047683716,
  "Shkodran Mustafi": 103.89999961853027,
  "Hamza Choudhury": 104.40000009536743,
  "Sam Byram": 105.09999990463257,
  "Glenn Murray": 105.10000038146973,
  "André Gomes": 105.60000038146973,
  "Tom Cleverley": 105.89999914169312,
  "Dwight Gayle": 106.10000038146973,
  "Fikayo Tomori": 106.19999933242798,
  "Christoph Zimmermann": 106.40000009536743,
  "John Stones": 106.50000095367432,
  "Marco Stiepermann": 106.60000038146973,
  "Ben Davies": 107.30000066757202,
  "Matej Vydra": 107.60000038146973,
  "Joao Cancelo": 107.60000085830688,
  "Adrian Mariappa": 108.10000038146973,
  "Solly March": 108.5,
  "Björn Engels": 108.90000057220459,
  "Jeffrey Schlupp": 108.99999952316284,
  "Naby Keita": 109.40000057220459,
  "Nathaniel Chalobah": 110.0,
  "Matthew Lowton": 110.7000002861023,