{
  "Mark Travers": 4.099999904632568,
  "Baye Oumar Niasse": 5.099999904632568,
  "Ravel Morrison": 5.400000095367432,
  "Ralf Fährmann": 5.5,
  "Sam Surridge": 5.5,
  "Tyrick Mitchell": 5.5,
  "Joao Pedro": 5.699999809265137,
  "Leon Clarke": 5.699999809265137,
  "Jack Rodwell": 5.800000190734863,
  "Josh Martin": 5.800000190734863,
  "Patrick Roberts": 5.900000095367432,
  "Dennis Srbeny": 5.900000095367432,
  "Gaëtan Bong": 6.0,
  "Victor Wanyama": 6.099999904632568,
  "Leroy Sané": 6.099999904632568,
  "Faustino Anjorin": 6.199999809265137,
  "Angel Gomes": 6.300000190734863,
  "Sebastian Prödl": 6.5,
  "Jake Vokins": 6.800000190734863,
  "Diogo Dalot": 6.800000190734863,
  "Simon Moore": 8.700000286102295,
  "Jesus Vallejo": 10.800000190734863,
  "Axel Tuanzebe": 11.099999904632568,
  "Oliver Skipp": 11.400000095367432,
  "Darren Randolph": 11.700000286102295,
  "Indiana Vassilev": 11.799999713897705,
  "Henrikh Mkhitaryan": 11.900000095367432,
  "Dimitri Foulquier": 12.0,
  "Jordon Ibe": 12.0,
  "Juan Foyth": 12.099999904632568,
  "Phil Jones": 12.199999809265137,
  "Tahith Chong": 12.199999809265137,
  "Marcos Rojo": 12.199999809265137,
  "Michael McGovern": 12.200000286102295,
  "Nathan Holland": 12.299999713897705,
  "Emile Smith-Rowe": 12.5,
  "Charlie Daniels": 12.599999904632568,
  "Jürgen Locadia": 12.800000190734863,
  "Pablo Mari": 13.0,
  "Timothy Fosu-Mensah": 13.0,
  "Javier Hernández": 13.0,
  "Jean-Philippe Gbamin": 13.300000190734863,
  "Xherdan Shaqiri": 13.600000381469727,
  "Max Kilman": 13.699999809265137,
  "Ben Johnson": 13.800000190734863,
  "Luke Thomas": 14.300000190734863,
  "Richairo Zivkovic": 16.90000009536743,
  "Carlos Sánchez": 17.40000009536743,
  "Gedson Fernandes": 17.5,
  "Ignacio Pussetto": 17.800000190734863,
  "Florin Andone": 18.09999990463257,
  "Douglas Soares": 18.40000009536743,
  "Curtis Jones": 18.59999990463257,
  "Wayne Hennessey": 18.59999990463257,
  "Sung-Yueng Ki": 18.90000009536743,
  "Jarrad Branthwaite": 19.0,
  "Morgan Gibbs-White": 19.0,
  "Connor Wickham": 19.5,
  "Eric Bailly": 19.59999990463257,
  "Nacho Monreal": 19.799999713897705,
  "Billy Gilmour": 19.799999713897705,
  "Isaac Success": 22.0,
  "Henri Lansbury": 23.100000381469727,
  "Wilfredo Caballero": 23.5,
  "Andrew Surman": 23.699999809265137,
  "Jack Simpson": 23.799999713897705,
  "Claudio Bravo": 24.100000381469727,
  "Albian Ajeti": 26.699999809265137,
  "Neco Williams": 26.700000286102295,
  "Danny Drinkwater": 28.09999990463257,
  "Yoshinori Muto": 29.300000190734863,
  "Jonathan Kodjia": 29.300000190734863,
  "Takumi Minamino": 30.0,
  "Kevin Danso": 30.600000381469727,
  "David Martin": 30.80000066757202,
  "Phil Jagielka": 31.200000286102295,
  "William Smallbone": 31.500000476837158,
  "Jeremy Ngakia": 31.699999809265137,
  "Lloyd Kelly": 32.40000009536743,
  "Jack Robinson": 32.5,
  "Leighton Baines": 32.700000286102295,
  "Nampalys Mendy": 33.299999713897705,
  "Ørjan Håskjold Nyland": 33.5,
  "Ryan Sessegnon": 33.59999990463257,
  "Florian Lejeune": 37.39999961853027,
  "Ruben Loftus-Cheek": 37.90000009536743,
  "Muhamed Besic": 38.0,
  "Wes Morgan": 38.59999990463257,
  "Rob Holding": 38.80000019073486,
  "Japhet Tanganga": 39.299999713897705,
  "Kevin Long": 39.69999980926514,
  "Daniel Podence": 40.200000286102295,
  "Angelino": 40.89999961853027,
  "Timm Klose": 41.30000019073486,
  "Maya Yoshida": 42.00000047683716,
  "Odion Ighalo": 42.19999980926514,
  "Alexis Mac Allister": 42.200000286102295,
  "Patrick Cutrone": 42.30000066757202,
  "Ezequiel Schelotto": 43.399999141693115,
  "Matthew Longstaff": 44.700000286102295,
  "Adam Uche Idah": 45.0,
  "Jack Wilshere": 46.09999990463257,
  "Jota": 47.79999876022339,
  "Roberto": 48.60000038146973,
  "Cenk Tosun": 48.700000286102295,
  "Valentino Lazaro": 49.30000019073486,
  "David Brooks": 49.50000047683716,
  "Robert Brady": 49.700000286102295,
  "Alireza Jahanbakhsh": 50.5,
  "Anthony Gordon": 50.60000038146973,
  "Tariq Lamptey": 52.80000019073486,
  "Adam Lallana": 53.49999952316284,
  "Daryl Janmaat": 53.5,
  "Josh Brownhill": 54.5,
  "Luke Freeman": 55.19999933242798,
  "Emiliano Martinez": 55.200000286102295,
  "Moritz Leitner": 55.80000066757202,
  "Pablo Zabaleta": 56.00000047683716,
  "Pedro Rodriguez": 56.80000019073486,
  "Angus Gunn": 56.90000033378601,
  "Bernardo": 57.70000076293945,
  "Ben Osborn": 58.29999923706055,
  "Lukas Rupp": 58.80000019073486,
  "Michy Batshuayi": 59.29999923706055,
  "Joel Matip": 60.0,
  "Ibrahim Amadou": 61.5,
  "Johann Berg Gudmundsson": 64.30000019073486,
  "Nabil Bentaleb": 64.5,
  "Edward Nketiah": 64.7000002861023,
  "Christian Fuchs": 65.60000038146973,
  "Ruben Vinagre": 65.80000019073486,
  "Aaron Lennon": 66.2000002861023,
  "Ondrej Duda": 66.2999997138977,
  "Yan Valery": 66.59999990463257,
  "Gabriel Martinelli": 67.7000002861023,
  "Chris Mepham": 69.60000085830688,
  "Pepe Reina": 69.69999980926514,
  "Adrian": 70.39999961853027,
  "Dejan Lovren": 70.40000009536743,
  "Josip Drmic": 70.90000009536743,
  "Callum Robinson": 71.59999990463257,
  "Mario Vrancic": 72.2000002861023,
  "Eric Garcia": 74.39999961853027,
  "Kyle Walker-Peters": 74.5,
  "Ashley Young": 75.40000009536743,
  "Reiss Nelson": 76.10000038146973,
  "Tomas Soucek": 76.30000066757202,
  "Jarrod Bowen": 76.80000019073486,
  "Mbwana Samatta": 78.2999997138977,
  "Jose Holebas": 79.7999997138977,
  "Steven Bergwijn": 80.60000038146973,
  "Christian Atsu": 80.90000009536743,
  "Sander Berge": 80.99999952316284,
  "James Justin": 81.2999997138977,
  "Fabian Balbuena": 82.0,
  "Ryan Bennett": 82.10000085830688,
  "Jairo Riedewald": 82.20000076293945,
  "Keinan Davis": 82.70000076293945,
  "Junior Stanislas": 82.7999997138977,
  "Max Meyer": 84.09999895095825,
  "Arnaut Danjuma": 84.59999942779541,
  "Mamadou Sakho": 85.30000019073486,
  "Emil Krafth": 85.7999997138977,
  "Neil Taylor": 86.09999942779541,
  "Simon Francis": 86.40000009536743,
  "Kieran Tierney": 86.59999942779541,
  "DeAndre Yedlin": 86.79999923706055,
  "Michael Obafemi": 86.99999952316284,
  "Brandon Williams": 88.59999990463257,
  "Danny Welbeck": 89.7999997138977,
  "Arthur Masuaku": 89.90000009536743,
  "Juan Mata": 90.2999997138977,
  "Andy Carroll": 91.09999990463257,
  "Hector Bellerin": 91.50000095367432,
  "Scott Dann": 91.90000009536743,
  "Calum Chambers": 93.40000057220459,
  "Dwight Gayle": 95.10000038146973,
  "Morgan Schneiderlin": 95.30000066757202,
  "Ciaran Clark": 95.40000104904175,
  "Andre Gray": 95.7999997138977,
  "Emerson": 95.80000019073486,
  "Grant Hanley": 96.40000104904175,
  "Paul Dummett": 96.79999995231628,
  "Steven Alzate": 98.40000057220459,
  "Tom Trybull": 98.59999990463257,
  "Aymeric Laporte": 98.69999933242798,
  "Sofiane Boufal": 99.7000002861023,
  "Shane Duffy": 100.2999997138977,
  "Hamza Choudhury": 100.40000009536743,
  "Naby Keita": 100.40000057220459,
  "Matej Vydra": 100.60000038146973,
  "Glenn Murray": 101.10000038146973,
  "Jeffrey Schlupp": 101.99999952316284,
  "Tom Cleverley": 102.89999914169312,
  "Shkodran Mustafi": 102.89999961853027,
  "Fikayo Tomori": 103.19999933242798,
  "Fabian Delph": 103.50000047683716,
  "Divock Origi": 103.59999942779541,
  "Bruno Fernandes": 104.30000066757202,
  "André Gomes": 104.60000038146973,
  "Sam Byram": 105.09999990463257,
  "Christoph Zimmermann": 105.40000009536743,
  "Björn Engels": 105.90000057220459,
  "John Stones": 106.50000095367432,
  "Marco Stiepermann": 106.60000038146973,
  "Paul Pogba": 107.19999980926514,
  "Ben Davies": 107.30000066757202,
  "Ahmed El Mohamady": 107.49999904632568,
  "Solly March": 107.5,
  "Joao Cancelo": 107.60000085830688,
  "Adrian Mariappa": 108.10000038146973,
  "Kortney Hause": 108.69999933242798,
  "Nathaniel Chalobah": 109.0,
  "Demarai Gray": 109.59999990463257,
  "Matthew Lowton": 109.7000002861023,
  "Moussa Djenepo": 112.50000143051147,
  "Jannik Vestergaard": 112.69999980926514,
  "Eric Dier": 112.99999952316284,